Government Level,Domain,State,county,city
City,311.sanantonio.gov,TX,Bexas,San Antonio 
City,a860-gpp.nyc.gov,NY,New York,New York
City,acnj.gov,NJ,Atlantic,Atlantic City
City,alexandriava.gov,VA,Fairfax,Alexandria
City,amherstma.gov,MA,Hampshire,Amherst
City,andoverma.gov,MA,Essex,Andover
City,annapolis.gov,MD,Anne Arundel,Annapolis
City,arlingtonma.gov,MA,Middlesex,Arlington
City,atlas.phila.gov,PA,Philadelphia,Philadelphia
City,austintexas.gov,TX,Travis,Austin 
City,avonct.gov,CT,Hartford,Avon
City,bedfordma.gov,MA,Middlesex,Bedford
City,bellportvillageny.gov,NY,Suffolk,Bellport 
City,beloitwi.gov,WI,Rock,Beloit 
City,berkeleyca.gov,CA,Alameda,Berkeley
City,bloomfieldct.gov,CT,Hartford,Bloomfield
City,boe.baltimorecity.gov,MD,Baltimore,Baltimore
City,boston.gov,MA,Suffolk,Boston 
City,bouldercolorado.gov,CO,Boulder ,Boulder 
City,braintreema.gov,MA,Norfolk,Braintree
City,bridgeportct.gov,CT,Fairfield,Bridgeport 
City,brightonco.gov,CO,Adams,Brighton
City,bristolct.gov,CT,Hartford,Bristol
City,brooklinema.gov,MA,Norfolk,Brookline
City,brownsvilletx.gov,TX,Cameron,Brownsville 
City,cabq.gov,NM,Bernalillo,Albuquerque
City,cambridgema.gov,MA,Middlesex,Cambridge
City,capecoral.gov,FL,Lee,Cape Coral
City,centralfallsri.gov,RI,Providence,Central Falls 
City,charlottesville.gov,VA,Albemarle,Charlottesville 
City,chelmsfordma.gov,MA,Middlesex,Chelmsford
City,chelseama.gov,MA,Suffolk,Chelsea 
City,chicagoelections.gov,IL,Cook,Chicago
City,chippewafalls-wi.gov,WI,Chippewa,Chippewa Falls
City,chnj.gov,NJ,Camden,Cherry Hill
City,ci.southbridge.ma.us,MA,Worcester,Southbridge
City,city.milwaukee.gov,WI,Milwaukee,Milwaukee
City,cityofabbotsfordwi.gov,WI,Marathon,Abbotsford 
City,cityofboston.gov,MA,Suffolk,Boston
City,cityofeverett.com,MA,Middlesex,Everett
City,cityoflakegeneva.gov,WI,Walworth,Lake Geneva 
City,cityoflawrence.com,MA,Essex,Lawrence
City,cityofsacramento.gov,CA,Sacramento,Sacramento
City,clerk.lacity.gov,CA,Los Angeles,Los Angeles
City,clintonma.gov,MA,Worcester,Clinton 
City,coloradosprings.gov,CO,El Paso,Colorado Springs
City,concordma.gov,MA,Middlesex,Concord
City,council.nyc.gov,NY,New York,New York
City,cranstonri.gov,RI,Providence,Cranston
City,dalharttx.gov,TX,Dallam,Dalhart 
City,danversma.gov,MA,Essex,Danvers
City,darienct.gov,CT,Fairfield,Darien
City,data.jerseycitynj.gov,NJ,Hudson,Jersey
City,dedham-ma.gov,MA,Norfolk,Dedham
City,delraybeachfl.gov,FL,Palm Beach,Delray Beach
City,deperewi.gov,WI,Brown,De Pere
City,detroitmi.gov,MI,Wayne,Detroit 
City,easthamptonma.gov,MA,Hampshire,East Hampton
City,easthartfordct.gov,CT,Hartford,East Hartford 
City,eastprovidenceri.gov,RI,Providence,East Providence
City,eauclairewi.gov,WI,Chippewa,Eau Claire
City,electionresults.hartfordct.gov,CT,Hartford,Hartford 
City,enfield-ct.gov,CT,Hartford,Enfield
City,fallschurchva.gov,VA,Fairfax,Falls Church 
City,fitchburgma.gov,MA,Worcester,Fitchburg 
City,fitchburgwi.gov,WI,Dane,Fitchburg 
City,flowermound.gov,TX,Denton,Flower Mound
City,fortworthtexas.gov,TX,Tarrant,Fort Worth
City,framinghamma.gov,MA,Middlesex,Framingham
City,franklinwi.gov,WI,Milwaukee,Franklin
City,fredericksburgva.gov,VA,Spotsylvania,Fredericksburg 
City,gaithersburgmd.gov,MD,Montgomery,Gaithersburg
City,gardner-ma.gov,MA,Worcester,Gardner
City,garlandtx.gov,TX,Dallas,Garland
City,glastonburyct.gov,CT,Hartford,Glastonbury
City,glendale-wi.gov,WI,Milwaukee,Glendale
City,grafton-ma.gov,MA,Worcester,Grafton
City,grandrapidsmi.gov,MI,Kent,Grand Rapids
City,greenbaywi.gov,WI,Brown,Green Bay 
City,greenwichct.gov,CT,Fairfield,Greenwich
City,groton-ct.gov,CT,New London,Groton
City,hartfordct.gov,CT,Hartford,Hartford 
City,hayward-ca.gov,CA,Alameda,Hayward
City,herriman.gov,UT,Salt Lake,Herriman 
City,highlandut.gov,UT,Utah,Highland 
City,hingham-ma.gov,MA,Plymouth,Hingham
City,hobokennj.gov,NJ,Hudson,Hoboken
City,holyoke.org,MA,Hampden,Holyoke
City,hopewellva.gov,VA,Prince George,Hopewell 
City,hpca.gov,CA,Los Angeles,Huntington Park
City,idahofallsidaho.gov,ID,Bonneville,Idaho Falls
City,indy.gov,ID,Marion,Indianapolis
City,irvingtonny.gov,NY,Westchester,Irvington
City,islipny.gov,NY,Suffolk,Islip
City,jerseycitynj.gov,NJ,Hudson,Jersey City
City,kaysville.gov,UT,Davis,Kaysville 
City,kenmorewa.gov,WA,King,Kenmore 
City,lakeforestca.gov,CA,Orange,Lake Forest
City,lansingvotes.gov,MI,Ingham,Lansing
City,lascruces.gov,NM,Doña Ana,Las Cruces
City,lauderdalebythesea-fl.gov,FL,Broward,Lauderdale
City,leaguecitytx.gov,TX,Galveston,League City
City,leominster-ma.gov,MA,Worcester,Leominster 
City,lexingtonma.gov,MA,Middlesex,Lexington
City,lighthousepointfl.gov,FL,Broward,Lighthouse Point
City,lincolnri.gov,RI,Providence,Lincoln 
City,lodi.gov,CA,San Joaquin,Lodi
City,longbeach.gov,CA,Los Angeles,Long Beach
City,louisvilleco.gov,CO,Boulder ,Louisville
City,lowellma.gov,MA,Middlesex,Lowell 
City,lynnma.gov,MA,Essex,Lynn 
City,madera.gov,CA,Madera,Madera
City,manassasparkva.gov,VA,Prince William,Manassas Park 
City,manassasva.gov,VA,Prince William,Manassas 
City,manchesterct.gov,CT,Hartford,Manchester
City,mansfieldct.gov,CT,Tolland,Mansfield
City,marlborough-ma.gov,MA,Middlesex,Marlborough
City,meridenct.gov,CT,New Haven,Meriden 
City,mesaaz.gov,AZ,Maricopa,Mesa 
City,methuen.gov,MA,Essex,Methuen
City,miami.gov,FL,Miami-Dade,Miami
City,miamibeachfl.gov,FL,Miami-Dade,Miami Beach
City,miamigardens-fl.gov,FL,Miami-Dade,Miami Gardens 
City,middleboroughma.gov,MA,Plymouth,Middleborough
City,middletownct.gov,CT,Middlesex,Middletown
City,milfordma.gov,MA,Worcester,Milford
City,millvillenj.gov,NJ,Cumberland,Millville
City,mtpleasantwi.gov,WI,Racine,Mt Pleasant 
City,narragansettri.gov,RI,Washington,Narragansett
City,natickma.gov,MA,Middlesex,Natick
City,needhamma.gov,MA,Norfolk,Needham
City,newberlinwi.gov,WI,Waukesha,New Berlin
City,newbritainct.gov,CT,Hartford,New Britain 
City,newhartfordct.gov,CT,Litchfield,New Hartford
City,newhavenct.gov,CT,New Haven,New Haven 
City,newingtonct.gov,CT,Hartford,Newington
City,newlondonct.gov,CT,New London,New London 
City,newtonma.gov,MA,Middlesex,Newton
City,northamptonma.gov,MA,Hampshire,Northhampton
City,northandoverma.gov,MA,Essex,North Andover
City,northprovidenceri.gov,RI,Providence,North Providence
City,norwalkct.gov,CT,Fairfield,Norwalk 
City,nyc.gov,NY,New York,New York
City,oakcreekwi.gov,WI,Milwaukee,Oak Creek
City,oconomowoc-wi.gov,WI,Waukesha,Oconomowoc 
City,odessa-tx.gov,TX,Ector,Odessa 
City,on.nyc.gov,NY,New York,New York
City,orlando.gov,FL,Orange,Orlando
City,oxnard.gov,CA,Venture,Oxnard
City,palmettobay-fl.gov,FL,Miami-Dade,Palmetto Bay
City,pasco-wa.gov,WA,Franklin,Pasco 
City,patersonnj.gov,NJ,Passaic,Paterson 
City,pawtucketri.gov,RI,Providence,Pawtucket 
City,peachtreecornersga.gov,GA,Gwinnett,Peachtree Corners
City,peoriaaz.gov,AZ,Maricopa,Peoria 
City,pharr-tx.gov,TX,Hidalgo,Pharr
City,phila.gov,PA,Philadelphia,Philadelphia
City,phoenix.gov,AZ,Maricopa,Phoenix
City,plymouth-ma.gov,MA,Plymouth,Plymouth
City,pollinglocations.hartford.gov,CT,Hartford,Hartford 
City,portagemi.gov,MI,Kalamazoo,Portage
City,portal.311.nyc.gov,NY,New York,New York
City,portland.gov,OR,Multnomah,Portland 
City,portsmouthri.gov,RI,Newport,Portsmouth
City,providenceri.gov,RI,Providence,Providence 
City,quincyma.gov,MA,Norfolk,Quincy
City,readingma.gov,MA,Middlesex,Reading
City,reno.gov,NV,Washoe,Reno
City,revere.org,MA,Suffolk,Revere
City,riversideca.gov,CA,Riverside,Riverside
City,rockvillemd.gov,MD,Montgomery,Rockville
City,rollingwoodtx.gov,TX,Travis,Rollingwood 
City,romi.gov,MI,Oakland,Royal Oak
City,roslynny.gov,NY,Nassau,Roslyn 
City,roswell-nm.gov,NJ,Union,Roswell
City,rrnm.gov,NM,Sandoval,Rio Rancho
City,sa.gov,TX,Bexar,San Antonio 
City,salemct.gov,MA,Essex,Salem 
City,salemma.gov,MA,Essex,Salem 
City,sanantonio.gov,TX,Bexar,San Antonio 
City,sandiego.gov,CA,San Diego,San Diego
City,sanjoseca.gov,CA,Santa Clara,San Jose
City,sanluisaz.gov,AZ,Yuma,San Luis
City,santamonica.gov,CA,Los Angeles,Santa Monica
City,seattle.gov,WA,King,Seattle 
City,services.austintexas.gov,TX,Travis,Austin 
City,slc.gov,UT,Salt Lake,Salt Lake City
City,smithfieldri.gov,RI,Providence,Smithfield
City,somervillema.gov,MA,Middlesex,Sommerville
City,southkingstownri.gov,RI,Washington,South Kingston
City,southmilwaukee.gov,WI,Milwaukee,South Milwaukee
City,springfield-ma.gov,MA,Hampden,Springfield 
City,sslc.gov,UT,Salt Lake,South Salt Lake 
City,stamfordct.gov,CT,Fairfield,Stamford
City,stephenvilletx.gov,TX,Erath,Stephenville 
City,sterlingheights.gov,MI,Macomb,Sterling Heights
City,stocktonca.gov,CA,San Joaquin,Stockton
City,sunnyside-wa.gov,WA,Yakima,Sunnywide 
City,tampa.gov,FL,Hillsborough,Tampa
City,taosnm.gov,NM,Taos,Taos
City,tewksbury-ma.gov,MA,Middlesex,Tewksbury
City,townofvictorny.gov,NY,Ontario,Victor
City,townofwalworthwi.gov,WI,Walworth,Walworth 
City,trumbull-ct.gov,CT,Fairfield,Trumbull
City,tucsonaz.gov,AZ,Pima,Tuscon
City,vernon-ct.gov,CT,Tolland,Vernon
City,veronawi.gov,WI,Dane,Verona 
City,victorvilleca.gov,CA,San Bernadino,Victorville
City,vote.minneapolismn.gov,MN,Hennepin,Minneapolis
City,vote.phila.gov,PA,Philadelphia,Philadelphia
City,voter.virginiabeach.gov,VA,Princess Anne,Virginia Beach
City,wallingfordct.gov,CT,New Haven,Wallingford
City,walnutcreekca.gov,CA,Contra Costa,Walnut Creek
City,warwickri.gov,RI,Kent,Warwick
City,waterburyct.org,CT,New Haven,Waterbury
City,waterfordmi.gov,MI,Oakland,Waterford
City,watertown-ma.gov,MA,Middlesex,Watertown
City,waukesha-wi.gov,WI,Waukesha,Waukesha
City,wausauwi.gov,WI,Marathon,Wausau
City,weatherfordtx.gov,TX,Parker,Weatherford 
City,web6.seattle.gov,WA,King,Seattle 
City,wellesleyma.gov,MA,Norfolk,Wellesley
City,westalliswi.gov,WI,Milwaukee,West Allis
City,westhartfordct.gov,CT,Hartford,West Hartford
City,westonwi.gov,WI,Marathon,Weston
City,westportct.gov,CT,Fairfield,Westport
City,whitewater-wi.gov,WI,Walworth,Whitewater 
City,wilbraham-ma.gov,MA,Hampden,Wilbraham
City,windhamct.gov,CT,Windham,Windham 
City,woonsocketri.gov,RI,Providence,Woonsocket
City,worcesterma.gov,MA,Worcester,Worcestor
City,wvc-ut.gov,UT,Salt Lake,West Valley 
City,www2.elpasotexas.gov,TX,El Paso,El Paso
City,www3.springfield-ma.gov,MA,Hampden,Springfield
City,www8.honolulu.gov,HI,Honolulu,Honolulu
City,yorbalindaca.gov,CA,Orange,Yorba Linda
City,yumaaz.gov,AZ,Yuma,Yuma
City,a2gov.org,MI,Washtenaw,Ann Arbor
City,altamonte.org,FL,Seminole,Altamonte Springs
City,anaheim.net,CA,Orange,Anaheim
City,ashlandmass.com,MA,Middlesex,Ashland
City,aurora-il.org,IL,Kane,Aurora
City,bakersfieldcity.us,CA,Kern,Bakersfield
City,bayonnenj.org,NJ,Hudson,Bayonne
City,burrillville.org,RI,Providence,Burrillville
City,cctexas.com,TX,Nueces,Corpus Christi
City,chico.ca.us,CA,Butte,Chico
City,citynmb.com,FL,Miami-Dade,North Miami Beach
City,cityofalhambra.org,CA,Los Angeles,Alhambra
City,cityofandrews.org,TX,Andrews,Andrews
City,cityofattleboro.us,MA,Bristol,Attleboro
City,cityofclovis.org,NM,Curry,Clovis
City,cityofdelrio.com,TX,Val Verde,Del Rio
City,cityofdenton.com,TX,Denton,Denton
City,cityofelcentro.org,CA,Imperial,El Centro
City,cityofevanston.org,IL,Cook,Evanston
City,cityoffernley.org,NV,Lyon,Fernley
City,cityofirvine.org,CA,Orange,Irvine
City,cityoflakeforest.com,IL,Lake,Lake Forest
City,cityoflaredo.com,TX,Webb,Laredo
City,cityoflaurel.org,MD,Prince George's,Laurel
City,cityoflilburn.com,GA,Gwinnett,Lilburn
City,cityofmadison.com,WI,Dane,Madison
City,cityofmenifee.us,CA,Riverside,Menifee
City,cityofmerced.org,CA,Merced,Merced
City,cityofmesquite.com,TX,Dallas,Mesquite
City,cityofnapa.org,CA,Napa,Napa
City,cityoforange.org,CA,Orange,Orange
City,cityofpassaic.com,NJ,Passaic,Passaic
City,cityofportaransas.org,TX,Nueces,Port Aransas
City,cityofrichmond.net,MI,Macomb,Richmond
City,cityofsanmateo.org,CA,San Mateo,San Mateo
City,cityofsummit.org,NJ,Union,Summit
City,cityofsunprairie.com,WI,Dane,Sun Prairie
City,cityofturlock.org,CA,Stanislaus,Turlock
City,cityofwestfield.org,MA,Hampden,Westfield
City,cityofwesthaven.com,CT,New Haven,West Haven
City,cityofwestlake.org,OH,Cuyahoga,Westlake
City,cityofwinterpark.org,FL,Orange,Winter Park
City,cumberlandri.org,RI,Providence,Cumberland
City,eastgreenwichri.com,RI,Kent,Greenwich
City,edgewaterpark-nj.com,NJ,Burlington,Edgewater Park
City,elizabethnj.org,NJ,Union,Elizabeth
City,elmhurst.org,IL,Will,Elmhurst
City,fairfieldct.org,CT,Fairfield,Fairfield
City,forsythco.com,GA,Forsyth,Forsyth
City,fortleenj.org,NJ,Bergen,Fort Lee
City,glendaleaz.com,AZ,Maricopa,Glendale
City,guttenbergnj.org,NJ,Hudson,Guttenberg
City,guymonok.org,OK,Texas,Guymon
City,hamden.com,CT,New Haven,Hamden
City,henrietta.org,NY,Monroe,Henrietta
City,lakelandgov.net,FL,Polk,Lakeland
City,lakevillema.org,MA,Plymouth,Lakeville
City,lauderdalelakes.org,FL,Broward,Lauderdale Lakes
City,lawrencevillega.org,GA,Gwinnett,Lawrenceville
City,legacy.cityofirvine.org,CA,Orange,Irvine
City,library.cityoflewisville.com,TX,Denton,Lewisville
City,lincolntown.org,MA,Middlesex,Lincoln
City,littlechutewi.org,WI,Outagamie,Little Chute
City,madisonct.org,CT,New Haven,Madison
City,menomonee-falls.org,WI,Waukesha,Menomonee Falls
City,montclairnjusa.org,NJ,Essex,Montclair
City,mountephraim-nj.com,NJ,Camden,Mount Ephraim
City,mtpleasantny.com,NY,Westchester,Mount Pleasant
City,naperville.il.us,IL,Will,Naperville
City,napervilletownship.com,IL,Dupage,Naperville
City,newrochelleny.com,NY,Westchester,New Rochelle
City,news.cctexas.com,TX,Nueces,Corpus Christi
City,norcrossga.net,GA,Gwinnett,Norcross
City,norwichct.org,CT,New London,Norwich
City,ocoee.org,FL,Orange,Ocoee
City,parktownship.org,MI,Ottawa,Fennville
City,perinton.org,NY,Monroe,Perinton
City,porthuron.org,MI,St. Clair,Porthuron
City,rfcity.org,WI,Pierce,River Falls
City,rochesterhills.org,MI,Oakland,Rochester Hills
City,rtd-denver.com,CO,Denver,Denver
City,sandwichmass.org,MA,Barnstable,Sandwich
City,sangabrielcity.com,CA,Los Angeles,San Gabriel
City,sbcity.org,CA,San Bernadino,San Bernadino
City,shelbytwp.org,MI,Macomb,Shelby
City,southbury-ct.org,CT,Southbury,Southbury
City,southhadley.org,MA,Hampshire,South Hadley
City,ssf.net,CA,San Francisco,South San Francisco
City,stpete.org,FL,Pinellas,St. Petersburg
City,stpetebeach.org,FL,Pinellas,St. Pete Beach
City,townofpalmbeach.com,FL,Palm Beach,Palm Beach
City,townofwindsorct.com,CT,Hartford,Windsor
City,uppermac.org,PA,Lehigh,Upper Macungie
City,villageofshorewood.org,WI,Milwaukee,Shorewood
City,vinelandcity.org,NJ,Cumberland,Vineland
City,vniles.com,IL,Cook,Niles
City,warrennj.org,NJ,Somerset,Warren
City,waukegantownship.com,IL,Lake,Waukegan
City,wauwatosa.net,WI,Milwaukee,Wauwatosa
City,westchicago.org,IL,Dupage,West Chicago
City,westlakehills.org,TX,Travis,West Lake Hills
City,westorange.org,NJ,Essex,West Orange
City,wlv.org,CA,Los Angeles ,Westlake
County,ace.yolocounty.gov,CA,Yolo,
County,acgov.org,CA,Alameda ,
County,acvote.alamedacountyca.gov,CA,Alameda ,
County,agencies.monroecountypa.gov,PA,Monroe ,
County,alamedacountyca.gov,CA,Alameda ,
County,alamosacounty.org,CO,Alamosa,
County,albemarle.org,VA,Albemarle ,
County,allegancounty.org,MI,Allegan ,
County,applications.kanecountyil.gov,IL,Kane,
County,apps.weld.gov,CO,Weld ,
County,apps2.suffolkcountyny.gov,NY,Suffolk,
County,arapahoevotes.gov,CO,Arapahoe ,
County,archuletacounty.org,CO,Archuleta ,
County,baltimorecountymd.gov,MD,Baltimore ,
County,bayvotesfl.gov,FL,Bay ,
County,bellcountytx.com,TX,Bell ,
County,bentoncountywa.gov,WA,Benton ,
County,bergencountyclerk.gov,NJ,Bergen ,
County,berkspa.gov,PA,Berks ,
County,bernco.gov,NM,Bernalillo ,
County,berncoclerk.gov,NM,Bernalillo ,
County,berriencounty.org,MI,Berrien ,
County,bexar.org,TX,Bexar ,
County,binghamid.gov,ID,Bingham ,
County,boe.cuyahogacounty.gov,OH,Cuyahoga,
County,bonnevillecountyidaho.gov,ID,Bonneville ,
County,bouldercounty.gov,CO,Boulder ,
County,boxeldercountyut.gov,UT,Box Elder ,
County,brazoriacountyclerktx.gov,TX,Brazoria ,
County,broward.org,FL,Broward ,
County,browardvotes.gov,FL,Broward ,
County,buckscounty.gov,PA,Bucks ,
County,bucoks.com,KS,Butler ,
County,buffalocountywi.gov,WI,Buffalo ,
County,burnettcountywi.gov,WI,Burnett ,
County,calvertcountymd.gov,MD,Calvert ,
County,camdencounty.com,NJ,Camden ,
County,cameroncountytx.gov,TX,Cameron ,
County,canadiancounty.org,OK,Canadian ,
County,carboncountypa.gov,PA,Carbon ,
County,cayugacounty.us,NY,Cayuga ,
County,cdn.kingcounty.gov,WA,King,
County,centrecountypa.gov,PA,Centre ,
County,chamberscountytx.gov,TX,Chambers ,
County,chavescounty.gov,NM,Chaves ,
County,chesco.org,PA,Chester ,
County,churchillcountynv.gov,NV,Churchill ,
County,cityofarcadiawi.com,WI,Arcadia,
County,clarkcountynv.gov,NV,Clark ,
County,claytoncountyga.gov,GA,Clayton ,
County,clerk.kanecountyil.gov,IL,Kane,
County,clerk2.kanecountyil.gov,IL,Kane,
County,cltr.douglascountynv.gov,NV,Douglas ,
County,co.andrews.tx.us,TX,Andrews,
County,co.bailey.tx.us,TX,Bailey,
County,co.castro.tx.us,TX,Castro,
County,co.crockett.tx.us,TX,Crockett,
County,co.dawson.tx.us,TX,Dawson,
County,co.deaf-smith.tx.us,TX,Deaf Smith,
County,co.ector.tx.us,TX,Ector,
County,co.edwards.tx.us,TX,Edwards,
County,co.floyd.tx.us,TX,Floyd,
County,co.frio.tx.us,TX,Frio,
County,co.gonzales.tx.us,TX,Gonzales,
County,co.hidalgo.tx.us,TX,Hidalgo,
County,co.hockley.tx.us,TX,Hockley,
County,co.jim-hogg.tx.us,TX,Jim Hogg,
County,co.kleberg.tx.us,TX,Kleberg,
County,co.la-salle.tx.us,TX,La Salle,
County,co.lamb.tx.us,TX,Lamb,
County,co.moore.tx.us,TX,Moore,
County,co.ochiltree.tx.us,TX,Ochiltree,
County,co.pecos.tx.us,TX,Pecos,
County,co.presidio.tx.us,TX,Presidio,
County,co.sanmiguel.nm.us,NM,San Miguel,
County,co.sherman.tx.us,TX,Sherman,
County,co.starr.tx.us,TX,Starr,
County,co.terry.tx.us,TX,Terry,
County,co.titus.tx.us,TX,Titus,
County,co.ward.tx.us,TX,Ward,
County,co.winkler.tx.us,TX,Winkler,
County,co.zapata.tx.us,TX,Zapata,
County,co.zavala.tx.us,TX,Zavala,
County,cobbcounty.org,GA,Cobb ,
County,colliervotes.gov,FL,Collier,
County,collincountytx.gov,TX,Collin ,
County,contracostavote.gov,CA,Contra Costa ,
County,cookcountyclerkil.gov,IL,Cook ,
County,cookcountyil.gov,IL,Cook ,
County,county.pueblo.org,CO,Pueblo,
County,countyclerk.traviscountytx.gov,TX,Travis,
County,county.milwaukee.gov,WI,Milwaukee,
County,countynewscenter.com,CA,San Diego ,
County,countyofcolusaca.gov,CA,Colusa ,
County,countyofglenn.net,CA,Glenn,
County,countyofkingsca.gov,CA,Kings ,
County,countyofmerced.com,CA,Merced,
County,countyofmonterey.gov,CA,Monterey,
County,countyofnapa.org,CA,Napa,
County,countyofsb.org,CA,Santa Barbara ,
County,cowleycountyks.gov,KS,Cowley ,
County,cp4.harriscountytx.gov,TX,Harris,
County,cumberlandcountypa.gov,CA,Cumberland ,
County,cumberlandcountyvotes.com,NJ,Cumberland,
County,currycountynm.gov,NM,Curry ,
County,dallascountyvotes.org,TX,Dallas,
County,daviscountyutah.gov,UT,Davis ,
County,dcovotes.dconc.gov,NC,Durham,
County,dekalbcountyga.gov,GA,DeKalb ,
County,delcopa.gov,PA,Delaware ,
County,denvergov.org,CO,Denver,
County,dgcoks.gov,KS,Douglas ,
County,donaanacounty.org,NM,Doña Ana ,
County,douglascountywa.net,WA,Douglas ,
County,douglascountywi.gov,WI,Douglas ,
County,dupagecounty.gov,IL,DuPage ,
County,duvalelections.gov,FL,Duval ,
County,eauclairecounty.gov,WI,Eau Claire ,
County,electionmapping.ocgov.com,CA,Orange,
County,elections.bcohio.gov,OH,Butler,
County,elections.calaverasgov.us,CA,Calaveras,
County,elections.carrollcountymd.gov,MD,Carroll,
County,elections.countyofdane.com,WI,Dane,
County,elections.erie.gov,NY,Erie,
County,elections.inyocounty.us,CA,Inyo,
County,elections.maricopa.gov,AZ,Maricopa,
County,elections.saccounty.gov,CA,Sacramento,
County,elections.sbcounty.gov,CA,San Bernadino,
County,elections.ulstercountyny.gov,NY,Ulster,
County,engage.buncombecounty.org,NC,Buncombe,
County,es.stlouiscountymo.gov,MO,St Louis,
County,essexboardofelections.com,NJ,Essex,
County,essexclerk.com,NJ,Essex,
County,fairfaxcounty.gov,VA,Fairfax ,
County,fauquiercounty.gov,VA,Fauquier ,
County,fcva.us,VA,Frederick ,
County,finneycounty.org,KS,Finney ,
County,fordcounty.net,KS,Ford ,
County,fortbendcountytx.gov,TX,Fort Bend ,
County,franklincoks.org,KS,Franklin ,
County,franklincountywa.gov,WA,Franklin,
County,frederickcountymd.gov,MD,Frederick ,
County,fresnocountyca.gov,CA,Fresno ,
County,fultoncountyga.gov,GA,Fulton ,
County,garfield-county.com,CO,Garfield ,
County,gis-portal.sandiegocounty.gov,CA,San Diego,
County,gis3.montgomerycountymd.gov,MD,Montgomery,
County,gismaps.fultoncountyga.gov,GA,Fulton ,
County,gloucestercountynj.gov,NJ,Gloucester ,
County,gonzales.texas.gov,TX,Gonzales,
County,grandcountyutah.net,UT,Grand ,
County,grantcountywa.gov,WA,Grant ,
County,gwinnettcounty.com,GA,Gwinnett ,
County,hanovercounty.gov,VA,Hanover ,
County,hendryelections.org,FL,Hendry,
County,henrycty.com,IL,Henry ,
County,hernandovotes.gov,FL,Hernando ,
County,hhs.cuyahogacounty.gov,OH,Cuyahoga,
County,home.bexar.org,TX,Bexar,
County,howardcountymd.gov,MD,Howard ,
County,hudsoncountyclerk.org,NJ,Hudson,
County,idahocounty.org,ID,Idaho ,
County,imperialcounty.org,CA,Imperial,
County,info.kingcounty.gov,WA,King,
County,iredellcountync.gov,NC,Iredell ,
County,isb.lavote.gov,CA,Los Angeles ,
County,islandcountywa.gov,WA,Island ,
County,jacksoncountygov.com,GA,Jackson ,
County,jamescitycountyva.gov,VA,James  ,
County,jeffco.us,CO,Jefferson ,
County,kalcounty.com,MI,Kalamazoo ,
County,kendallcountyil.gov,IL,Kendall ,
County,kendallcountytx.gov,TX,Kendall ,
County,kerncounty.com,CA,Kern,
County,kingcounty.gov,WA,King ,
County,kinggeorgecountyva.gov,VA,King George ,
County,kitsap.gov,WA,Kitsap ,
County,knoxcountytexas.org,TX,Knox,
County,lacounty.gov,CA,Los Angeles ,
County,lacrossecounty.org,WI,Lacrosse ,
County,lakecountyil.gov,IL,Lake ,
County,lakecountyohio.gov,OH,Lake ,
County,lakevotes.gov,FL,Lake ,
County,lancastercountypa.gov,PA,Lancaster ,
County,lapaz.gov,AZ,La Paz ,
County,larimer.gov,CO,Larimer ,
County,lavote.gov,CA,Los Angeles ,
County,leacounty.net,NM,Lea ,
County,lee.vote,FL,Lee,
County,legacy.recorder.maricopa.gov,AZ,Maricopa,
County,lehighcounty.org,PA,Lehigh ,
County,livingstoncountyny.gov,NY,Livingston ,
County,locator.lavote.gov,CA,Los Angeles ,
County,losalamosnm.us,NM,Los Alamos ,
County,loudoun.gov,VA,Loudoun ,
County,louisacounty.gov,VA,Louisa ,
County,lubbockcounty.gov,TX,Lubbock ,
County,macoupinvotes.gov,IL,Macoupin ,
County,maps.lakecountyil.gov,IL,Lake,
County,marathoncounty.gov,WI,Marathon ,
County,mclennan.gov,TX,McLennan ,
County,mendocinocounty.gov,CA,Mendocino ,
County,miamidade.gov,FL,Miami-Dade ,
County,middlesexcountynj.gov,NJ,Middlesex ,
County,minidoka.id.us,ID,Minidoka ,
County,monroecounty.gov,NY,Monroe ,
County,montgomerycountymd.gov,MD,Montgomery ,
County,montgomerycountypa.gov,PA,Montgomery ,
County,morriscountynj.gov,NJ,Morris ,
County,multco.us,OR,Multnomah ,
County,myvoterportal.saccounty.gov,CA,Sacramento,
County,nassaucountyny.gov,NY,Nassau ,
County,navajocountyaz.gov,AZ,Navajo ,
County,nevadacountyca.gov,CA,Nevada ,
County,norcopa.gov,PA,Northampton ,
County,nuecesco.com,TX,Nueces,
County,oakgov.com,MI,Oakland ,
County,olmstedcounty.gov,MN,Olmsted ,
County,ontariocountyny.gov,NY,Ontario ,
County,orangecountyva.gov,VA,Orange ,
County,orleanscountyny.gov,NY,Orleans ,
County,osageco.org,KS,Osage ,
County,outagamie.org,WI,Outagamie ,
County,palmbeachvotes.gov,FL,Palm Beach ,
County,parkercountytx.gov,TX,Parker ,
County,pascovotes.gov,FL,Pasco ,
County,passaiccountynj.org,NJ,Passaic ,
County,piercecountywa.gov,WA,Pierce ,
County,pima.gov,AZ,Pima ,
County,pimamaps.pima.gov,AZ,Pima,
County,pinal.gov,AZ,Pinal ,
County,placercountyelections.gov,CA,Placer ,
County,polkelections.gov,FL,Polk ,
County,portagecounty-oh.gov,OH,Portage ,
County,porterco.org,CO,Porter ,
County,pottercountytexasvotes.gov,TX,Potter ,
County,princegeorgescountymd.gov,MD,Prince George's ,
County,pwcva.gov,VA,Prince William ,
County,randallcounty.gov,TX,Randall ,
County,recorder.pima.gov,AZ,Pima,
County,reevescounty.org,TX,Reeves,
County,results.bernco.gov,NM,Bernalillo ,
County,results.lavote.gov,CA,Los Angeles ,
County,results.saccounty.gov,CA,Sacramento,
County,rileycountyks.gov,KS,Riley ,
County,rockinghamcountyva.gov,VA,Rockingham ,
County,rocklandcountyny.gov,NY,Rockland ,
County,saginawcounty.com,MI,Saginaw ,
County,saltlakecounty.gov,UT,Salt Lake ,
County,sanbenitocounty-ca-cre.gov,CA,San Benito ,
County,sandovalcountynm.gov,NM,Sandoval ,
County,sanmiguelcountyco.gov,CO,San Miguel ,
County,sanpatriciocountytx.gov,TX,San Patricio ,
County,santacruzcountyaz.gov,AZ,Santa Cruz ,
County,santafecountynm.gov,NM,Santa Fe ,
County,sarasotavotes.gov,FL,Sarasota ,
County,sarpy.gov,NE,Sarpy ,
County,sbcounty.gov,CA,San Bernadino ,
County,schuylkillcountypa.gov,PA,Schuylkill ,
County,sedgwickcounty.org,KS,Sedgwick ,
County,sewardcountyks.org,KS,Seward ,
County,sf.gov,CA,San Francisco ,
County,shenandoahcountyva.gov,VA,Shenandoah ,
County,sjgov.org,CA,San Joaquin ,
County,smcacre.gov,CA,San Mateo ,
County,snohomishcountywa.gov,WA,Snohomish ,
County,soecharlottecountyfl.gov,FL,Charlotte ,
County,sonomacounty.ca.gov,CA,Sonoma,
County,spokanecounty.org,WA,Spokane ,
County,spotsylvania.va.us,VA,Spotsylvania ,
County,starkcountyohio.gov,VA,Stark ,
County,stevenscoks.org,KS,Stevens ,
County,stlouiscountymo.gov,MO,St Louis ,
County,suffolkcountyny.gov,NY,Suffolk ,
County,summitcountyutah.gov,UT,Summit ,
County,taoscounty.org,NM,Taos ,
County,tarrantcountytx.gov,TX,Tarrant ,
County,tax-office.traviscountytx.gov,TX,Travis,
County,tetoncountywy.gov,WY,Teton ,
County,texas.okcounties.org,OK,Texas,
County,thurstoncountywa.gov,WA,Thurston ,
County,tnsharonwcwi.gov,WI,Sharon,
County,tomgreencountytx.gov,TX,Tom Green ,
County,tompkinscountyny.gov,NY,Tompkins ,
County,traviscountytx.gov,TX,Travis ,
County,tularecoelections.org,CA,Tulare,
County,twinfallscounty.org,ID,Twin Falls ,
County,ucnj.org,NJ,Union ,
County,uploads.rov.sbcounty.gov,CA,San Bernadino ,
County,utahcounty.gov,UT,Utah ,
County,vanburencountymi.gov,MI,Van Buren ,
County,ventura.org,CA,Ventura ,
County,villageofsharon.com,WI,Sharon,
County,vote.arlingtonva.gov,VA,Arlington,
County,vote.franklincountyohio.gov,OH,Franklin,
County,vote.indy.gov,IN,Marion,
County,vote.mahoningcountyoh.gov,OH,Mahoning,
County,vote.santaclaracounty.gov,CA,Santa Clara,
County,vote.utahcounty.gov,UT,Utah ,
County,votebradfordfl.gov,FL,Bradford ,
County,votebrevard.gov,FL,Brevard ,
County,votecitrus.gov,FL,Citrus ,
County,voteclaycountymo.gov,MO,Clay ,
County,votedenton.gov,TX,Denton ,
County,votedesoto.com,FL,De Soto,
County,votehillsborough.gov,FL,Hillsborough ,
County,votelevy.gov,FL,Levy ,
County,voteloraincountyohio.gov,OH,Lorain ,
County,votemarion.gov,FL,Marion ,
County,voteokaloosa.gov,FL,Okaloosa ,
County,voteokeechobee.gov,FL,Okeechobee ,
County,voteosceola.gov,FL,Osceola ,
County,votepalmbeach.gov,FL,Palm Beach ,
County,votepinellas.gov,FL,Pinellas ,
County,voteseminole.gov,FL,Seminole,
County,votesjc.gov,FL,St. Johns ,
County,votetravis.gov,TX,Travis ,
County,wake.gov,NC,Wake ,
County,waltoncountyga.gov,GA,Walton ,
County,washoecounty.gov,NV,Washoe ,
County,washoelife.washoecounty.gov,NV,Washoe,
County,waukeshacounty.gov,WI,Waukesha ,
County,waynecounty.com,MI,Wayne ,
County,web.culpepercounty.gov,VA,Culpeper,
County,webapp07.montcopa.org,PA,Montgomery,
County,webbcountytx.gov,TX,Webb ,
County,weberelections.gov,UT,Weber ,
County,webfiles.clarkcountynv.gov,NV,Clark,
County,weld.gov,CO,Weld ,
County,westchestergov.com,NM,Socorro,
County,westchesterlegislators.com,NY,Westchester,
County,westmilwaukee.org,WI,West Milwaukee,
County,whitmancounty.org,WA,Whitman ,
County,wilcotx.gov,TX,Williamson ,
County,willcountyclerk.gov,IL,Will ,
County,woodsoncounty.net,KS,Woodson ,
County,www2.montgomerycountymd.gov,MD,Montgomery,
County,www2.tulsacounty.org,OK,Tulsa,
County,wycovoteskck.gov,KS,Wyandotte ,
County,yakimacounty.us,WA,Yakima ,
County,yorkcountypa.gov,PA,York ,
County,yumacountyaz.gov,AZ,Yuma ,
County,accesskent.com,MI,Kent,
County,centrecountyvotes.gov,PA,Centre,
County,dupageresults.gov,IL,Dupage,
County,fremontcountyelectionsco.gov,CO,Fremont,
County,ocfelections.gov,FL,Orange,
County,ocvote.gov,CA,Orange,
County,sfgov.org,CA,San Francisco,
County,volusiaelections.gov,FL,Volusia,
County,voteindianriver.gov,FL,Indian River,
County,votewalton.gov,FL,Walton,
County,wycokck.org,KS,Wyandotte,
County,yavapaivotes.gov,AZ,Yavapai,
State,a19.asmdc.org,CA,,
State,alamosacounty.colorado.gov,CO,,
State,app.leg.wa.gov,WA,,
State,app.sos.nh.gov,NH,,
State,apps.azsos.gov,AZ,,
State,atascosacounty.texas.gov,TX,,
State,attorneygeneral.gov,PA,,
State,azcleanelections.gov,AZ,,
State,azleg.gov,AZ,,
State,azsos.gov,AZ,,
State,ballotapplication.elections.ny.gov,NY,,
State,ballottrax.coloradosos.gov,CO,,
State,boe.ohio.gov,OH,,
State,boe.ottawa.oh.gov,OH,,
State,buffalocounty.ne.gov,NE,,
State,candidateportal.servis.sos.state.nm.us,NM,,
State,chaffeeclerk.colorado.gov,CO,,
State,clark.wa.gov,WA,,
State,cochise.az.gov,AZ,,
State,codes.ohio.gov,OH,,
State,coloradosos.gov,CO,,
State,columbiana.boe.ohio.gov,OH,,
State,contracosta.ca.gov,CA,,
State,counsel.nysed.gov,NY,,
State,dakotacounty.ne.gov,NE,,
State,danville.ca.gov,CA,,
State,designegov.nebraska.gov,NE,,
State,dhs.state.il.us,IL,,
State,dlg.colorado.gov,CO,,
State,dmv.colorado.gov,CO,,
State,docs.legis.wisconsin.gov,WI,,
State,doh.wa.gov,WA,,
State,dol.wa.gov,WA,,
State,dos.elections.myflorida.com,FL,,
State,dos.fl.gov,FL,,
State,eldoradocounty.ca.gov,CA,,
State,elec.nj.gov,NJ,,
State,electionhistory.ct.gov,CT,,
State,electionresults.sos.nm.gov,NM,,
State,electionresults.sos.state.mn.us,MN,,
State,electionresults.utah.gov,UT,,
State,electionreturns.pa.gov,PA,,
State,elections.alaska.gov,AL,,
State,elections.cdn.sos.ca.gov,CA,,
State,elections.delaware.gov,DE,,
State,elections.il.gov,IL,,
State,elections.maryland.gov,MD,,
State,elections.ny.gov,NY,,
State,elections.ri.gov,RI,,
State,elections.sos.idaho.gov,ID,,
State,elections.virginia.gov,VA,,
State,elections.wi.gov,WI,,
State,electionstats.state.ma.us,MA,,
State,eresults.geauga.oh.gov,OH,,
State,es.ag.ny.gov,NY,,
State,ethics.wi.gov,WI,,
State,files.floridados.gov,FL,,
State,floridaelectionwatch.gov,FL,,
State,fortlauderdale.gov,FL,,
State,fppc.ca.gov,CA,,
State,georgia.gov,GA,,
State,gis.fortlauderdale.gov,FL,,
State,guides.sll.texas.gov,TX,,
State,hca.nm.gov,NM,,
State,historicalelectiondata.coloradosos.gov,CO,,
State,hollister.ca.gov,CA,,
State,hosting.okelections.gov,OK,,
State,housegop.delaware.gov,DE,,
State,houserepublicans.wa.gov,WA,,
State,illinois.gov,IL,,
State,in.gov,IN,,
State,indianavoters.in.gov,IN,,
State,jud.ct.gov,CT,,
State,kansas.gov,KS,,
State,kdor.ks.gov,KS,,
State,kssos.org,KS,,
State,law.lis.virginia.gov,VA,,
State,leg.colorado.gov,CO,,
State,legislature.mi.gov,MI,,
State,madisonco.virginia.gov,VA,,
State,mailballot.sos.ri.gov,RI,,
State,malegislature.gov,MA,,
State,marylandattorneygeneral.gov,MD,,
State,mass.gov,MA,,
State,michigan.gov,MI,,
State,mnvotes.sos.mn.gov,MN,,
State,mnvotes.sos.state.mn.us,MN,,
State,mvic.sos.state.mi.us,MI,,
State,mvp.sos.ga.gov,GA,,
State,myballot.coloradosos.gov,CO,,
State,myballotmn.sos.state.mn.us,MN,,
State,myvote.wi.gov,WI,,
State,ncsbe.gov,NC,,
State,nebraska.gov,NE,,
State,nj.gov,NJ,,
State,nvsos.gov,NV,,
State,ny.gov,NY,,
State,nyassembly.gov,NY,,
State,nysenate.gov,NY,,
State,ohio.gov,OH,,
State,ohiosos.gov,OH,,
State,oklahoma.gov,OK,,
State,okvoterportal.okelections.gov,OK,,
State,olvr.ohiosos.gov,OH,,
State,opendata.dc.gov,DC,,
State,oregonlegislature.gov,OR,,
State,ova.elections.il.gov,IL,,
State,pa.gov,PA,,
State,pavoterservices.pa.gov,PA,,
State,phillipscounty.colorado.gov,CO,,
State,pollfinder.sos.state.mn.us,MN,,
State,portal.ct.gov,CT,,
State,portal.sos.state.nm.us,NM,,
State,portaldir.ct.gov,CT,,
State,publicreporting.elections.ny.gov,NY,,
State,registertovote.ca.gov,CA,,
State,registertovoteflorida.gov,FL,,
State,registration.elections.myflorida.com,FL,,
State,results.elections.myflorida.com,FL,,
State,results.okelections.gov,OK,,
State,ri.gov,RI,,
State,riograndecounty.colorado.gov,CO,,
State,s1.sos.mo.gov,MO,,
State,scvotes.gov,SC,,
State,sd02.senate.ca.gov,CA,,
State,sd15.senate.ca.gov,CA,,
State,sd39.senate.ca.gov,CA,,
State,sdsos.gov,SD,,
State,sec.state.ma.us,MA,,
State,secure.utah.gov,UT,,
State,securemyabsenteeballot.sos.ga.gov,GA,,
State,seec.ct.gov,CT,,
State,senate.texas.gov,TX,,
State,senatedemocrats.wa.gov,WA,,
State,senatedems.ct.gov,CT,,
State,senatedems.delaware.gov,DE,,
State,servicearizona.com,AZ,,
State,silverstateelection.nv.gov,NY,,
State,sjc.utah.gov,UT,,
State,sos.alabama.gov,AL,,
State,sos.arkansas.gov,AK,,
State,sos.ca.gov,CA,,
State,sos.ga.gov,GA,,
State,sos.idaho.gov,ID,,
State,sos.iowa.gov,IA,,
State,sos.ks.gov,KS,,
State,sos.la.gov,LA,,
State,sos.mo.gov,MO,,
State,sos.nebraska.gov,NE,,
State,sos.nh.gov,NH,,
State,sos.nm.gov,NM,,
State,sos.oregon.gov,OR,,
State,sos.state.co.us,CO,,
State,sos.state.mn.us,MN,,
State,sos.state.oh.us,OH,,
State,sos.texas.gov,TX,,
State,sos.tn.gov,TN,,
State,sos.wa.gov,WA,,
State,sos.wyo.gov,WY,,
State,spanish-ova.elections.il.gov,IL,,
State,srca.nm.gov,NM,,
State,statutes.capitol.texas.gov,TX,,
State,teamrv-mvp.sos.texas.gov,TX,,
State,texas.gov,TX,,
State,townofrochester.ny.gov,NY,,
State,tracer.sos.colorado.gov,CO,,
State,trackmyballot.nj.gov,NJ,,
State,utah.gov,UT,,
State,valverdecounty.texas.gov,TX,,
State,vig.cdn.sos.ca.gov,CA,,
State,vote.elections.virginia.gov,VA,,
State,vote.sos.ri.gov,RI,,
State,vote.utah.gov,UT,,
State,voteidaho.gov,ID,,
State,voter.svrs.nj.gov,NJ,,
State,voter.votewa.gov,WA,,
State,votercheck.necvr.ne.gov,NE,,
State,voterguide.sos.ca.gov,CA,,
State,voterlookup.elections.ny.gov,NY,,
State,voterlookup.ohiosos.gov,OH,,
State,voteroutreach.sos.mo.gov,MO,,
State,voterportal.servis.sos.state.nm.us,NM,,
State,voterservices.elections.maryland.gov,MD,,
State,votersguide.elections.il.gov,IL,,
State,voterstatus.sos.ca.gov,CA,,
State,votesearch.utah.gov,UT,,
State,votetexas.gov,TX,,
State,vrems.scvotes.sc.gov,SC,,
State,vt.ncsbe.gov,NC,,
State,web.go-vote-tn.elections.tn.gov,TN,,
State,westjordan.utah.gov,UT,,
State,westmont.illinois.gov,IL,,
State,wisconsindot.gov,WI,,
Federal,about.usps.com,,,
Federal,ada.gov,,,
Federal,amview.japan.usembassy.gov,,,
Federal,congress.gov,,,
Federal,democrats.senate.gov,,,
Federal,eac.gov,,,
Federal,eeoc.gov,,,
Federal,energycommerce.house.gov,,,
Federal,fec.gov,,,
Federal,fvap.gov,,,
Federal,gop.gov,,,
Federal,hankjohnson.house.gov,,,
Federal,house.gov,,,
Federal,irs.gov,,,
Federal,judiciary.house.gov,,,
Federal,kz.usembassy.gov,,,
Federal,loc.gov,,,
Federal,ncbi.nlm.nih.gov,,,
Federal,nlrb.gov,,,
Federal,nz.usembassy.gov,,,
Federal,padilla.senate.gov,,,
Federal,postalmuseum.si.edu,,,
Federal,pressgallery.house.gov,,,
Federal,republicanleader.senate.gov,,,
Federal,rferl.org,,,
Federal,scott.senate.gov,,,
Federal,secretservice.gov,,,
Federal,senate.gov,,,
Federal,share.america.gov,,,
Federal,spanberger.house.gov,,,
Federal,state.gov,,,
Federal,sv.usembassy.gov,,,
Federal,transition.fec.gov,,,
Federal,usa.gov,,,
Federal,uscis.gov,,,
Federal,uscode.house.gov,,,
Federal,voanews.com,,,
Federal,vote.gov,,,
Federal,whitehouse.gov,,,
Federal,constitutioncenter.org,,,
Federal,redcross.org,,,
Federal,usip.org,,,