Category,English Query,Spanish Query
Ballots,2024 ballot,boleta 2024
Ballots,absentee ballot,boleta de ausencia
Ballots,ballots,boletas de votaciones
Ballots,election ballot,boleta electoral
Ballots,election ballot 2024,boleta electoral 2024
Ballots,issues on my ballot,temas en mi boleta de votacion
Ballots,my absentee ballot,mi boleta de ausencia
Ballots,my ballot,mi boleta de votacion
Ballots,my election ballot,mi boleta electoral
Ballots,sample ballot,boleta de muestra
Ballots,sample ballot 2024,boleta de muestra 2024
Ballots,sample ballot for my county,boleta de muestra para mi condado
Ballots,voting ballot,boleta de votacion
Ballots,voting ballot 2024,boleta de votar 2024
Ballots,what is on the ballot,que hay en la boleta de votacion
Candidates and Issues,2024 election candidates,candidatos 2024 elecciones
Candidates and Issues,abortion ballot initiative,iniciativas sobre el aborto boleto
Candidates and Issues,abortion ballot proposals,propuestas sobre el aborto boleto
Candidates and Issues,abortion candidates,aborto candidatos
Candidates and Issues,abortion election,eleccion de el aborto
Candidates and Issues,abortion on the ballot,aborto en la boleta
Candidates and Issues,abortion opinion,opiniones de el aborto
Candidates and Issues,abortion vote,voto aborto
Candidates and Issues,anti-abortion candidates,candidatos contra aborto
Candidates and Issues,background on candidates 2024 election,antecedentes de los candidatos 2024 elecciones
Candidates and Issues,best candidates to vote for,mejor candidato para votar
Candidates and Issues,candidate backgrounds,antecedentes de los candidatos
Candidates and Issues,candidate debates,debate de candidatos
Candidates and Issues,candidate endoresements,respaldos de candidatos
Candidates and Issues,candidate issues,propuestas de los candidatos
Candidates and Issues,candidate opinions,opiniones de los candidatos
Candidates and Issues,candidate platforms,plataformas de los candidatos
Candidates and Issues,candidate views,perspectivas de los candidatos
Candidates and Issues,candidates for my district,candidatos de mi distrito
Candidates and Issues,candidates of my state,candidatos de mi estado
Candidates and Issues,congressional candidates,candidatos congresuales
Candidates and Issues,democratic candidates,candidatos democratas
Candidates and Issues,democrats house,camara democrata
Candidates and Issues,democrats senate,senado democrata
Candidates and Issues,fact checks for candidates election 2024,comprobacion de hechos para los candidatos elecciones 2024
Candidates and Issues,favored candidates near me,candidatos favorecidos cerca de mi
Candidates and Issues,independent candidates,candidatos independientes
Candidates and Issues,names of candidates,nombres de candidatos
Candidates and Issues,pro choice candidates,candidatos proeleccion
Candidates and Issues,pro life candidates,candidatos provida
Candidates and Issues,republican candidates,candidatos republicanos
Candidates and Issues,republicans house,camara republicana
Candidates and Issues,republicans senate,senado republicano
Candidates and Issues,single issue voters abortion,votantes de un solo tema aborto
Candidates and Issues,third party candidates,candidatos tercer partido
Candidates and Issues,Top issues for voters 2024,temas importantes para votantes 2024
Candidates and Issues,what candidates are running,cuales candidatos estan corriendo
Candidates and Issues,what does my candidate think about abortion,de que opina mi candidato sobre el aborto
Candidates and Issues,where do candidates stand on abortion?,de que lado es mi candidato sobre el aborto
Candidates and Issues,who is on the ballot,quien esta en la boleta
Candidates and Issues,who is running for election,quien esta corriendo para las elecciones
Candidates and Issues,who should I vote for,por quien debo de votar
Candidates and Issues,who to vote for,por quien voto
General Election Topics,2024 election predictions,2024 predicciones electorales
General Election Topics,blue wave 2024,ola azul 2024
General Election Topics,election 2024,eleccion 2024
General Election Topics,election 2024 polls,encuestas electorales 2024
General Election Topics,election campaign,campana electoral
General Election Topics,election news,noticias electorales
General Election Topics,election polls near me,encuestas electorales cerca de mi
General Election Topics,election races,carrera electoral
General Election Topics,election results,resultados electorales
General Election Topics,election results 2024,resultados electorales 2024
General Election Topics,election results near me,resultados electorales cerca de mi
General Election Topics,local elections,elecciones locales
General Election Topics,presidential elections,elecciones presidenciales
General Election Topics,november 2024 election,noviembre 2024 elecciones
General Election Topics,opinions on the election,opiniones sobre las elecciones
General Election Topics,primary election,elecciones primarias
General Election Topics,red wave 2024,ola roja 2024
General Election Topics,senate race,carrera de senador
General Election Topics,should i vote,debo de votar
General Election Topics,us election,elecciones usa
General Election Topics,us election 2024,elecciones usa 2024
General Election Topics,voters guide,guía de votantes
General Election Topics,when are 2024 elections,cuando son las 2024 elecciones
General Election Topics,when are 2024 elections,cuando son las elecciones presidenciales
General Election Topics,when is presidential election,cuándo es la eleccion presidencial
General Election Topics,when is presidential election 2024,cuando es la eleccion presidencial 2024
Voting Logistics,ballot box,caja de boletas
Voting Logistics,ballot drop off,entraga de boletas
Voting Logistics,ballot drop off near me,entraga de boletas cerca de mi
Voting Logistics,early voting locations,votacion temprana locaciones
Voting Logistics,early voting locations near me,votacion temprana locaciones cerca de mi
Voting Logistics,early voting sites,lugares para votar temprano
Voting Logistics,early voting sites near me,lugares para votar temprano cerca de mi
Voting Logistics,election close to me,elecciones cerca de mi
Voting Logistics,election day,dia de elecciones
Voting Logistics,election day 2024,dia de elecciones 2024
Voting Logistics,election office near me,oficina electoral cerca de mi
Voting Logistics,elections near me,elecciones cerca de mi
Voting Logistics,how to check if i am registered to vote,como saber si estoy registrada para votar
Voting Logistics,how to register to vote,como registrarse para votar
Voting Logistics,local polling place,centro electoral local
Voting Logistics,mail in ballot,boleta por correo
Voting Logistics,mail in ballots,boletas por correo
Voting Logistics,my congressional district,mi distrito del congreso
Voting Logistics,my local voting station,mi centro electoral local
Voting Logistics,vote near me,vota cerca de mí
Voting Logistics,voting,votacion
Voting Logistics,voting box,urna electoral
Voting Logistics,voting box near me,urna electoral cerca de mi
Voting Logistics,voting center,centro de votacion
Voting Logistics,voting center near me,centro de votacion cerca de mi
Voting Logistics,voting early,votacion temprana
Voting Logistics,voting early near me,votacion temprana cerca de mi
Voting Logistics,voting hours,horarios de votacion
Voting Logistics,voting hours near me,horarios de votacion cerca de mi
Voting Logistics,voting location,ubicacion de votacion
Voting Logistics,voting location near me,ubicacion de votacion cerca de mi
Voting Logistics,voting locations near me,ubicaciones de votacion cerca de mi
Voting Logistics,voting near me,votacion cerca de mi
Voting Logistics,voting place,lugar de votacion
Voting Logistics,voting place near me,lugar de votacion cerca de mi
Voting Logistics,voting places near me,lugares de votacion cerca de mi
Voting Logistics,voting poll near me,encuestas de votacion cerca de mi
Voting Logistics,voting polls,encuestas de votacion
Voting Logistics,voting polls near me,centros de votacion cerca de mi
Voting Logistics,voting sites,sitios de votacion
Voting Logistics,voting sites near me,lugares de votacion cerca de mi
Voting Logistics,voting today,votacion hoy
Voting Logistics,voting today near me,votacion cerca de mi
Voting Logistics,what district am i in,en que distrito estoy
Voting Logistics,when do polls end?,cuando terminan las encuestas
Voting Logistics,where can I vote?,donde puedo votar
Voting Logistics,where to vote,donde votar
Voting Logistics,where to vote near me,donde votar cerca de mi